dataset,missing,rate,method,n_masks,p1,p2,test_macro_mean,test_macro_std,test_micro_mean,test_micro_std,paper_t18_macro
DBLP,structural,0.5,hetgfd,10,0.1,0.8,93.48,0.27,93.95,0.28,
DBLP,structural,0.5,pcfi,10,0.5,0.02,93.61,0.25,94.04,0.25,
DBLP,structural,0.5,fp,10,0.0,0.0,93.39,0.39,93.85,0.35,
DBLP,structural,0.5,mean,10,0.0,0.0,92.09,0.42,92.72,0.38,
DBLP,structural,0.5,zero,10,0.0,0.0,92.28,0.5,92.82,0.45,
DBLP,structural,0.9,hetgfd,10,0.1,0.8,93.2,0.47,93.66,0.46,
DBLP,structural,0.9,pcfi,10,0.3,0.1,93.65,0.41,94.09,0.39,
DBLP,structural,0.9,fp,10,0.0,0.0,91.9,1.1,92.51,0.96,
DBLP,structural,0.9,mean,10,0.0,0.0,87.85,1.0,88.84,0.9,
DBLP,structural,0.9,zero,10,0.0,0.0,88.9,0.5,89.67,0.52,
DBLP,structural,0.995,hetgfd,10,0.1,0.9,93.14,0.28,93.62,0.27,93.26
DBLP,structural,0.995,pcfi,10,0.1,0.1,93.21,0.25,93.69,0.23,93.02
DBLP,structural,0.995,fp,10,0.0,0.0,17.78,15.0,33.4,12.26,
DBLP,structural,0.995,mean,10,0.0,0.0,11.02,0.67,27.94,2.0,
DBLP,structural,0.995,zero,10,0.0,0.0,13.15,3.49,29.71,2.11,
DBLP,uniform,0.5,hetgfd,10,0.9,0.1,93.16,0.25,93.67,0.26,
DBLP,uniform,0.5,pcfi,10,0.1,0.1,93.47,0.53,93.9,0.49,
DBLP,uniform,0.5,fp,10,0.0,0.0,92.97,0.41,93.47,0.39,
DBLP,uniform,0.5,mean,10,0.0,0.0,92.03,0.3,92.6,0.28,
DBLP,uniform,0.5,zero,10,0.0,0.0,92.17,0.61,92.72,0.58,
DBLP,uniform,0.9,hetgfd,10,0.1,0.99,93.59,0.34,94.02,0.34,
DBLP,uniform,0.9,pcfi,10,0.1,0.02,93.55,0.42,93.98,0.41,
DBLP,uniform,0.9,fp,10,0.0,0.0,91.26,0.52,91.95,0.38,
DBLP,uniform,0.9,mean,10,0.0,0.0,85.54,1.11,86.42,1.19,
DBLP,uniform,0.9,zero,10,0.0,0.0,86.48,0.86,87.32,0.82,
DBLP,uniform,0.995,hetgfd,10,0.1,0.9,93.8,0.28,94.26,0.27,94.03
DBLP,uniform,0.995,pcfi,10,0.1,0.02,93.9,0.36,94.35,0.32,93.77
DBLP,uniform,0.995,fp,10,0.0,0.0,18.69,18.66,34.31,15.42,
DBLP,uniform,0.995,mean,10,0.0,0.0,10.81,0.69,27.62,2.2,
DBLP,uniform,0.995,zero,10,0.0,0.0,12.05,0.52,28.68,1.51,
ACM,uniform,0.5,hetgfd,10,0.7,0.99,90.17,1.65,90.12,1.55,
ACM,uniform,0.5,pcfi,10,0.9,0.1,90.68,1.51,90.77,1.31,
ACM,uniform,0.5,fp,10,0.0,0.0,90.16,1.5,90.19,1.39,
ACM,uniform,0.5,mean,10,0.0,0.0,85.46,2.58,85.8,2.25,
ACM,uniform,0.5,zero,10,0.0,0.0,85.21,2.13,85.68,1.65,
ACM,uniform,0.9,hetgfd,10,0.9,0.99,87.39,3.38,87.79,2.5,
ACM,uniform,0.9,pcfi,10,0.9,0.02,86.22,3.56,87.0,2.7,
ACM,uniform,0.9,fp,10,0.0,0.0,87.51,1.44,87.66,1.12,
ACM,uniform,0.9,mean,10,0.0,0.0,72.57,2.26,74.0,1.66,
ACM,uniform,0.9,zero,10,0.0,0.0,68.47,4.28,73.95,1.73,
ACM,uniform,0.995,hetgfd,10,0.5,0.99,81.45,4.53,83.22,2.97,85.27
ACM,uniform,0.995,pcfi,10,0.9,0.1,83.0,4.86,84.34,3.19,84.04
ACM,uniform,0.995,fp,10,0.0,0.0,82.84,1.84,83.81,1.32,
ACM,uniform,0.995,mean,10,0.0,0.0,21.85,0.0,48.74,0.0,
ACM,uniform,0.995,zero,10,0.0,0.0,64.78,2.38,71.02,1.08,
ACM,structural,0.5,hetgfd,10,0.7,0.99,88.4,1.56,88.46,1.55,
ACM,structural,0.5,pcfi,10,0.5,0.02,88.61,0.86,88.68,0.86,
ACM,structural,0.5,fp,10,0.0,0.0,87.6,0.82,87.68,0.68,
ACM,structural,0.5,mean,10,0.0,0.0,78.74,4.9,80.8,2.96,
ACM,structural,0.5,zero,10,0.0,0.0,81.74,2.33,83.0,1.73,
ACM,structural,0.9,hetgfd,10,0.9,0.8,84.18,3.23,85.08,2.45,
ACM,structural,0.9,pcfi,10,0.7,0.1,83.81,3.49,84.89,2.51,
ACM,structural,0.9,fp,10,0.0,0.0,84.32,2.09,84.86,1.54,
ACM,structural,0.9,mean,10,0.0,0.0,61.97,3.68,70.34,1.9,
ACM,structural,0.9,zero,10,0.0,0.0,68.19,3.81,73.84,1.5,
ACM,structural,0.995,hetgfd,10,0.1,0.05,71.96,5.71,75.25,2.49,76.23
ACM,structural,0.995,pcfi,10,0.9,0.1,69.48,6.14,75.84,2.96,69.25
ACM,structural,0.995,fp,10,0.0,0.0,64.11,3.92,73.03,1.75,
ACM,structural,0.995,mean,10,0.0,0.0,22.81,1.94,49.1,0.72,
ACM,structural,0.995,zero,10,0.0,0.0,41.69,5.77,57.37,3.16,
IMDB,uniform,0.5,hetgfd,10,0.5,0.5,47.36,4.42,51.68,2.27,
IMDB,uniform,0.5,pcfi,10,0.5,0.1,48.29,4.59,52.48,2.32,
IMDB,uniform,0.5,fp,10,0.0,0.0,50.15,4.4,53.39,2.15,
IMDB,uniform,0.5,mean,10,0.0,0.0,47.33,4.77,50.78,2.22,
IMDB,uniform,0.5,zero,10,0.0,0.0,45.86,3.34,50.47,1.63,
IMDB,uniform,0.9,hetgfd,10,0.7,0.4,45.47,3.89,51.05,1.58,
IMDB,uniform,0.9,pcfi,10,0.5,0.02,43.68,3.7,50.29,1.54,
IMDB,uniform,0.9,fp,10,0.0,0.0,43.26,3.44,49.83,1.82,
IMDB,uniform,0.9,mean,10,0.0,0.0,30.37,4.35,41.52,2.38,
IMDB,uniform,0.9,zero,10,0.0,0.0,36.51,3.93,44.9,1.89,
IMDB,uniform,0.995,hetgfd,10,0.3,0.4,39.38,3.92,46.62,1.49,43.52
IMDB,uniform,0.995,pcfi,10,0.7,0.02,38.37,1.91,47.57,1.09,41.06
IMDB,uniform,0.995,fp,10,0.0,0.0,29.15,8.11,41.72,4.17,
IMDB,uniform,0.995,mean,10,0.0,0.0,19.18,2.36,36.55,0.3,
IMDB,uniform,0.995,zero,10,0.0,0.0,17.89,0.1,36.45,0.03,
IMDB,structural,0.5,hetgfd,10,0.9,0.2,45.72,3.34,51.23,1.56,
IMDB,structural,0.5,pcfi,10,0.9,0.1,46.15,4.87,51.73,2.14,
IMDB,structural,0.5,fp,10,0.0,0.0,47.46,5.27,52.22,2.47,
IMDB,structural,0.5,mean,10,0.0,0.0,44.98,4.81,49.84,2.5,
IMDB,structural,0.5,zero,10,0.0,0.0,44.34,2.5,49.97,1.23,
IMDB,structural,0.9,hetgfd,10,0.9,0.1,42.43,4.12,48.89,2.46,
IMDB,structural,0.9,pcfi,10,0.9,0.02,41.52,2.36,48.94,1.02,
IMDB,structural,0.9,fp,10,0.0,0.0,41.74,2.32,48.88,0.96,
IMDB,structural,0.9,mean,10,0.0,0.0,28.47,3.75,40.3,1.72,
IMDB,structural,0.9,zero,10,0.0,0.0,27.24,3.77,39.87,1.58,
IMDB,structural,0.995,hetgfd,10,0.5,0.5,33.81,4.58,42.54,2.26,35.05
IMDB,structural,0.995,pcfi,10,0.5,0.1,34.85,1.63,44.2,1.45,34.29
IMDB,structural,0.995,fp,10,0.0,0.0,22.48,6.71,38.44,3.27,
IMDB,structural,0.995,mean,10,0.0,0.0,18.0,0.19,36.49,0.08,
IMDB,structural,0.995,zero,10,0.0,0.0,17.88,0.06,36.44,0.05,
