task,hgt,dataset,missing,method,n_seeds,p1,p2,fixed_test_auc_mean,fixed_test_auc_std,fixed_test_ap_mean,fixed_test_ap_std,orig_test_auc_mean,orig_test_auc_std,orig_test_ap_mean,orig_test_ap_std,paper_fixed_test_auc,paper_fixed_test_ap
lp,orig,ACM,structural,zero,10,0.0,0.0,71.23,1.79,70.17,1.73,53.27,1.37,53.07,1.5,71.65,71.74
lp,orig,ACM,structural,fp,10,0.0,0.0,73.13,1.23,72.26,0.99,53.76,1.82,52.66,1.44,73.4,74.03
lp,orig,ACM,structural,pcfi,10,0.9,0.1,75.5,1.24,74.12,1.44,52.15,1.91,51.86,1.7,73.41,73.22
lp,orig,ACM,structural,hetgfd,10,0.3,0.05,82.3,0.67,82.32,0.81,52.29,1.25,51.72,1.23,78.25,78.62
lp,orig,ACM,uniform,zero,10,0.0,0.0,71.62,2.17,70.47,2.56,53.54,2.02,53.53,1.93,70.69,70.17
lp,orig,ACM,uniform,fp,10,0.0,0.0,74.26,1.31,73.54,0.91,53.98,1.96,52.53,1.61,73.18,73.77
lp,orig,ACM,uniform,pcfi,10,0.5,0.1,72.86,1.39,71.34,1.3,52.25,1.45,51.92,1.3,74.94,73.8
lp,orig,ACM,uniform,hetgfd,10,0.3,0.05,82.8,1.08,84.05,1.3,52.77,1.41,52.14,1.17,76.96,77.19
lp,orig,DBLP,structural,zero,10,0.0,0.0,73.56,1.37,72.59,3.26,59.37,1.85,57.78,2.53,72.49,74.21
lp,orig,DBLP,structural,fp,10,0.0,0.0,72.84,1.69,72.56,3.16,59.14,0.99,57.35,1.24,71.58,70.01
lp,orig,DBLP,structural,pcfi,10,0.9,0.02,72.61,1.65,71.59,4.15,59.65,1.36,58.4,1.17,71.37,66.78
lp,orig,DBLP,structural,hetgfd,10,0.1,0.05,93.7,0.5,93.59,0.59,58.18,1.52,56.46,1.52,91.94,91.88
lp,orig,DBLP,uniform,zero,10,0.0,0.0,73.29,1.74,72.57,3.42,60.18,1.81,58.77,2.48,72.48,74.2
lp,orig,DBLP,uniform,fp,10,0.0,0.0,73.13,1.58,73.62,3.23,59.09,0.96,57.47,2.05,71.86,70.03
lp,orig,DBLP,uniform,pcfi,10,0.1,0.1,73.42,2.24,71.34,3.13,57.88,1.62,56.31,1.21,70.76,68.97
lp,orig,DBLP,uniform,hetgfd,10,0.1,0.2,92.23,0.6,92.63,0.55,58.63,1.57,56.98,1.44,92.17,92.12
lp,orig,IMDB,structural,zero,10,0.0,0.0,93.67,1.1,89.38,2.47,87.87,1.1,82.19,1.75,92.48,86.95
lp,orig,IMDB,structural,fp,10,0.0,0.0,91.97,5.02,87.03,7.0,88.18,1.09,82.59,1.63,92.5,86.99
lp,orig,IMDB,structural,pcfi,10,0.9,0.02,92.79,3.3,88.99,3.37,87.85,1.19,81.98,1.65,91.71,85.37
lp,orig,IMDB,structural,hetgfd,10,0.1,0.2,91.38,2.46,86.3,3.75,86.46,3.04,80.85,3.02,92.5,86.99
lp,orig,IMDB,uniform,zero,10,0.0,0.0,93.47,1.35,89.37,2.89,87.86,1.11,82.11,1.5,92.5,86.99
lp,orig,IMDB,uniform,fp,10,0.0,0.0,92.52,3.01,87.81,4.77,87.35,1.23,81.55,1.47,91.52,85.67
lp,orig,IMDB,uniform,pcfi,10,0.7,0.02,90.76,6.44,86.16,7.57,87.53,1.02,81.49,1.47,91.54,85.7
lp,orig,IMDB,uniform,hetgfd,10,0.7,0.8,90.7,7.67,87.81,4.65,87.28,0.93,81.18,1.42,91.95,86.72
lp,orig,ACM,uniform,mean,10,0.0,0.0,71.18,1.87,70.01,1.59,51.03,1.89,51.12,1.8,71.98,72.02
lp,orig,ACM,uniform,knn,10,5,0.0,71.64,1.22,70.89,1.03,52.62,1.59,52.28,1.49,71.02,72.49
lp,orig,ACM,uniform,svd,10,0.2,0.0,72.07,1.49,70.68,2.33,53.15,1.82,52.82,1.84,70.49,70.7
lp,orig,ACM,structural,mean,10,0.0,0.0,71.84,2.5,69.62,2.08,52.02,1.14,51.57,1.3,71.64,71.66
lp,orig,ACM,structural,knn,10,5,0.0,70.82,1.62,69.38,2.32,53.16,1.88,52.74,1.64,72.04,72.55
lp,orig,ACM,structural,svd,10,1.0,0.0,71.76,1.9,70.22,2.12,52.47,1.94,52.32,2.08,71.49,72.29
lp,orig,DBLP,uniform,mean,10,0.0,0.0,72.09,2.21,72.42,4.34,59.67,0.96,58.75,1.03,72.48,74.2
lp,orig,DBLP,uniform,knn,10,10,0.0,73.4,1.39,72.45,3.69,60.01,1.32,58.3,1.95,72.72,70.29
lp,orig,DBLP,uniform,svd,10,1.0,0.0,73.38,1.25,73.08,3.21,59.32,0.84,58.2,1.28,72.48,74.2
lp,orig,DBLP,structural,mean,10,0.0,0.0,73.0,1.77,72.71,3.74,59.83,0.9,58.41,1.54,72.49,74.2
lp,orig,DBLP,structural,knn,10,3,0.0,72.73,1.42,72.27,2.95,58.94,1.01,57.4,1.34,71.96,69.86
lp,orig,DBLP,structural,svd,10,1.0,0.0,73.01,1.49,71.68,3.52,59.94,1.21,58.78,1.67,72.49,74.21
lp,orig,IMDB,uniform,mean,10,0.0,0.0,93.06,2.23,88.43,3.88,88.05,1.21,82.36,1.88,91.4,85.33
lp,orig,IMDB,uniform,knn,10,10,0.0,93.86,0.98,89.68,2.17,87.64,0.97,81.73,1.4,91.15,84.5
lp,orig,IMDB,uniform,svd,10,1.0,0.0,92.77,3.12,89.24,3.05,87.84,1.19,81.77,1.96,92.5,86.99
lp,orig,IMDB,structural,mean,10,0.0,0.0,90.56,6.94,85.35,10.25,87.83,0.98,81.88,1.75,91.78,85.8
lp,orig,IMDB,structural,knn,10,10,0.0,92.82,2.44,89.15,4.51,87.83,1.25,82.15,1.91,91.1,84.44
lp,orig,IMDB,structural,svd,10,0.2,0.0,92.66,3.52,89.5,3.57,88.09,1.2,82.54,1.89,92.48,86.95
