task,hgt,dataset,missing,method,n_seeds,p1,p2,test_macro_mean,test_macro_std,test_micro_mean,test_micro_std,paper_test_macro,paper_test_micro
nc,orig,ACM,structural,zero,10,0.0,0.0,79.46,2.89,81.0,2.09,82.75,83.44
nc,orig,ACM,structural,fp,10,0.0,0.0,81.4,2.66,82.5,2.03,83.15,83.6
nc,orig,ACM,structural,pcfi,10,0.3,0.02,83.21,1.72,83.94,1.43,84.47,85.06
nc,orig,ACM,structural,hetgfd,10,0.1,0.1,84.55,1.16,84.88,0.99,85.87,86.1
nc,orig,ACM,uniform,zero,10,0.0,0.0,78.73,1.76,80.38,1.22,81.85,82.67
nc,orig,ACM,uniform,fp,10,0.0,0.0,83.49,0.67,84.09,0.49,83.89,84.49
nc,orig,ACM,uniform,pcfi,10,0.1,0.1,83.01,1.35,83.89,1.12,86.26,86.61
nc,orig,ACM,uniform,hetgfd,10,0.5,0.2,86.48,0.77,86.6,0.66,88.14,88.14
nc,orig,DBLP,structural,zero,10,0.0,0.0,84.53,4.2,85.73,3.95,90.11,90.9
nc,orig,DBLP,structural,fp,10,0.0,0.0,84.66,6.49,86.04,5.59,90.3,91.07
nc,orig,DBLP,structural,pcfi,10,0.1,0.1,87.82,2.64,88.72,2.43,90.41,91.14
nc,orig,DBLP,structural,hetgfd,10,0.1,0.5,92.04,0.75,92.62,0.72,90.88,91.53
nc,orig,DBLP,uniform,zero,10,0.0,0.0,84.81,4.95,86.36,3.68,90.19,90.99
nc,orig,DBLP,uniform,fp,10,0.0,0.0,85.25,4.88,86.62,3.87,90.15,90.91
nc,orig,DBLP,uniform,pcfi,10,0.1,0.1,90.49,1.38,91.15,1.32,90.49,91.14
nc,orig,DBLP,uniform,hetgfd,10,0.1,0.4,92.18,0.76,92.76,0.71,90.65,91.4
nc,orig,IMDB,structural,zero,10,0.0,0.0,38.77,3.56,46.28,1.17,44.29,47.91
nc,orig,IMDB,structural,fp,10,0.0,0.0,38.96,3.33,46.15,0.91,45.37,48.3
nc,orig,IMDB,structural,pcfi,10,0.3,0.1,39.41,3.54,46.77,1.51,46.64,49.69
nc,orig,IMDB,structural,hetgfd,10,0.9,0.2,37.41,2.7,46.48,1.13,46.88,49.81
nc,orig,IMDB,uniform,zero,10,0.0,0.0,38.64,1.84,46.17,1.04,46.54,48.49
nc,orig,IMDB,uniform,fp,10,0.0,0.0,38.66,3.46,46.48,1.19,45.58,48.61
nc,orig,IMDB,uniform,pcfi,10,0.5,0.02,43.42,3.48,49.27,1.04,47.25,49.94
nc,orig,IMDB,uniform,hetgfd,10,0.7,0.4,43.41,3.99,49.65,1.17,48.57,50.57
